{
	"images": [
		{
			"idiom": "ipad",
			"size": "20x20",
			"scale": "1x",
			"filename": "Icon-20x20@1x.png"
		},
		{
			"idiom": "iphone",
			"size": "20x20",
			"scale": "2x",
			"filename": "Icon-20x20@2x.png"
		},
		{
			"idiom": "iphone",
			"size": "20x20",
			"scale": "3x",
			"filename": "Icon-20x20@3x.png"
		},
		{
			"idiom": "iphone",
			"size": "29x29",
			"scale": "1x",
			"filename": "Icon-29x29@1x.png"
		},
		{
			"idiom": "iphone",
			"size": "29x29",
			"scale": "2x",
			"filename": "Icon-29x29@2x.png"
		},
		{
			"idiom": "iphone",
			"size": "29x29",
			"scale": "3x",
			"filename": "Icon-29x29@3x.png"
		},
		{
			"idiom": "iphone",
			"size": "40x40",
			"scale": "2x",
			"filename": "Icon-40x40@2x.png"
		},
		{
			"idiom": "iphone",
			"size": "40x40",
			"scale": "3x",
			"filename": "Icon-40x40@3x.png"
		},
		{
			"idiom": "iphone",
			"size": "60x60",
			"scale": "2x",
			"filename": "Icon-60x60@2x.png"
		},
		{
			"idiom": "iphone",
			"size": "60x60",
			"scale": "3x",
			"filename": "Icon-60x60@3x.png"
		},
		{
			"idiom": "ipad",
			"size": "76x76",
			"scale": "1x",
			"filename": "Icon-76x76@1x.png"
		},
		{
			"idiom": "ipad",
			"size": "76x76",
			"scale": "2x",
			"filename": "Icon-76x76@2x.png"
		},
		{
			"idiom": "iphone",
			"size": "1024x1024",
			"scale": "1x",
			"filename": "Icon-marketing-1024x1024.png"
		}
	],
	"info": {
		"version": 1,
		"author": "apetools.webprofusion.com"
	}
}